{
    "mrr": 0.462666210523108,
    "map": 0.462666210523108,
    "rprecision": 0.372,
    "recall@5": 0.564,
    "recall@10": 0.644,
    "recall@20": 0.728,
    "recall@50": 0.848,
    "recall@100": 0.892,
    "hit@1": 0.372,
    "hit@3": 0.492,
    "hit@5": 0.564,
    "hit@10": 0.644,
    "hit@20": 0.728,
    "hit@50": 0.848
}