{
    "mrr": 0.5092701622123017,
    "map": 0.3621912702866864,
    "rprecision": 0.31413028570715607,
    "recall@5": 0.35903126709662314,
    "recall@10": 0.44714852056979915,
    "recall@20": 0.5377095145140474,
    "recall@50": 0.6504264975490727,
    "recall@100": 0.7464846613727302,
    "hit@1": 0.39707673568818513,
    "hit@3": 0.5682095006090134,
    "hit@5": 0.6339829476248477,
    "hit@10": 0.7289890377588307,
    "hit@20": 0.8020706455542022,
    "hit@50": 0.8751522533495737
}