{
    "mrr": 0.526489026258203,
    "map": 0.37074766993347663,
    "rprecision": 0.3285470153262586,
    "recall@5": 0.16789462518544845,
    "recall@10": 0.2610306801205432,
    "recall@20": 0.35463040975140936,
    "recall@50": 0.5826553492634384,
    "recall@100": 0.8341392631883975,
    "hit@1": 0.3950617283950617,
    "hit@3": 0.6049382716049383,
    "hit@5": 0.6419753086419753,
    "hit@10": 0.7654320987654321,
    "hit@20": 0.7777777777777778,
    "hit@50": 0.8395061728395061
}