{
    "mrr": 0.35978452242216413,
    "map": 0.2589536865068662,
    "rprecision": 0.23313027212307566,
    "recall@5": 0.25843139955153066,
    "recall@10": 0.2883145677014476,
    "recall@20": 0.3594716533663727,
    "recall@50": 0.4665010088966006,
    "recall@100": 0.54265700564498,
    "hit@1": 0.2857142857142857,
    "hit@3": 0.4166666666666667,
    "hit@5": 0.4166666666666667,
    "hit@10": 0.47619047619047616,
    "hit@20": 0.5357142857142857,
    "hit@50": 0.5833333333333334
}