{
    "mrr": 0.3862351093339532,
    "map": 0.30470899898023324,
    "rprecision": 0.2543731115520783,
    "recall@5": 0.3628036698539642,
    "recall@10": 0.42110391641507455,
    "recall@20": 0.4836216326558344,
    "recall@50": 0.562517567434633,
    "recall@100": 0.6253317798349803,
    "hit@1": 0.29080675422138835,
    "hit@3": 0.4348968105065666,
    "hit@5": 0.4960600375234522,
    "hit@10": 0.5613508442776736,
    "hit@20": 0.6281425891181989,
    "hit@50": 0.7031894934333959
}