{
    "mrr": 0.21414509085624345,
    "map": 0.17378299993284957,
    "rprecision": 0.11807814541165422,
    "recall@5": 0.2336570678843383,
    "recall@10": 0.3012895376828154,
    "recall@20": 0.3600082374359084,
    "recall@50": 0.4409445372331317,
    "recall@100": 0.5037898959333302,
    "hit@1": 0.12638343448768297,
    "hit@3": 0.25598000714030705,
    "hit@5": 0.31488754016422704,
    "hit@10": 0.3887897179578722,
    "hit@20": 0.44377008211353086,
    "hit@50": 0.5215994287754373
}